load_id,order_id,order_product_id,product_id,delivery_date,load_code,vehicle,order_code,bay,product_label,quantity,ballast
138103,1304081,12318807,163,2020-03-04 00:00:00,RT400,859,859E2,E2,KAISER LATA 12X350ML RV,25,22
138103,1304083,12318374,85,2020-03-04 00:00:00,RT400,859,859E4,E4,COCA COLA RGB 24X200ML,14,9
138103,1304083,12318358,113,2020-03-04 00:00:00,RT400,859,859E4,E4,COCA COLA KS 24X290ML,36,9
138104,1304084,12318440,227,2020-03-04 00:00:00,RT401,835,835D3,D3,COCA COLA PET 12X1.51L,14,11
138104,1304086,12318384,210,2020-03-04 00:00:00,RT401,835,835E3,E3,COCA COLA OW 15X600ML,21,15
138104,1304087,12318819,289,2020-03-04 00:00:00,RT401,835,835E4,E4,HEINEKEN 24X600 ML RET RV,9,7
138104,1304087,12318359,113,2020-03-04 00:00:00,RT401,835,835E4,E4,COCA COLA KS 24X290ML,18,9
138105,1304089,12318385,210,2020-03-04 00:00:00,RT402,852,852D3,D3,COCA COLA OW 15X600ML,22,15
138105,1304090,12318441,227,2020-03-04 00:00:00,RT402,852,852D4,D4,COCA COLA PET 12X1.51L,12,11
138105,1304091,12318360,113,2020-03-04 00:00:00,RT402,852,852E1,E1,COCA COLA KS 24X290ML,23,9
138106,1304092,12318442,227,2020-03-04 00:00:00,RT403,818,818E1,E1,COCA COLA PET 12X1.51L,35,11
138107,1304093,12318443,227,2020-03-04 00:00:00,RT404,827,827D4,D4,COCA COLA PET 12X1.51L,35,11
138107,1304094,12318437,144,2020-03-04 00:00:00,RT404,827,827E1,E1,COCA COLA LT 15X310ML,60,22
138107,1304094,12318834,111,2020-03-04 00:00:00,RT404,827,827E1,E1,HEINEKEN LT 6X250ML PIRIGUETE RV,202,63
138107,1304097,12318843,290,2020-03-04 00:00:00,RT404,827,827E4,E4,AMSTEL 24X600ML RETOR RV,10,7
138107,1304097,12318824,289,2020-03-04 00:00:00,RT404,827,827E4,E4,HEINEKEN 24X600 ML RET RV,12,7
138108,1304098,12318388,210,2020-03-04 00:00:00,RT405,840,840D3,D3,COCA COLA OW 15X600ML,24,15
138108,1304100,12318364,113,2020-03-04 00:00:00,RT405,840,840E3,E3,COCA COLA KS 24X290ML,16,9
138115,1304155,12318983,85,2020-03-04 00:00:00,RT406,805,805D1,D1,COCA COLA RGB 24X200ML,12,9
138116,1304156,12319062,227,2020-03-04 00:00:00,RT407,830,830E2,E2,COCA COLA PET 12X1.51L,13,11
138118,1304160,12318970,113,2020-03-04 00:00:00,RT409,853,853D3,D3,COCA COLA KS 24X290ML,24,9
138119,1304161,12319065,227,2020-03-04 00:00:00,RT410,866,866E1,E1,COCA COLA PET 12X1.51L,13,11
138120,1304165,12318988,85,2020-03-04 00:00:00,RT411,739,739E1,E1,COCA COLA RGB 24X200ML,19,9
138120,1304165,12318972,113,2020-03-04 00:00:00,RT411,739,739E1,E1,COCA COLA KS 24X290ML,23,9
138120,1304166,12319386,259,2020-03-04 00:00:00,RT411,739,739E2,E2,CC ZERO PET 9X2.0L,14,12
138120,1304166,12318991,262,2020-03-04 00:00:00,RT411,739,739E2,E2,FOUR PACK CCPET 4X2.0L,75,30
138123,1304202,12319731,255,2020-03-04 00:00:00,RT412,821,821E1,E1,KUAT PET 9X2.0L,60,12
138123,1304203,12319749,257,2020-03-04 00:00:00,RT412,821,821E2,E2,TAI PET 9X2.0L,72,12
138123,1304204,12319590,292,2020-03-04 00:00:00,RT412,821,821E3,E3,COCA COLA REFPET9X2.0L,16,10
138124,1304205,12319542,113,2020-03-04 00:00:00,RT413,824,824D1,D1,COCA COLA KS 24X290ML,25,9
138124,1304207,12319636,1935,2020-03-04 00:00:00,RT413,824,824E2,E2,CC MENOS ACUCAR PET 6X3L,22,15
138125,1304210,12319596,292,2020-03-04 00:00:00,RT414,833,833D4,D4,COCA COLA REFPET9X2.0L,17,10
138125,1304212,12319900,288,2020-03-04 00:00:00,RT414,833,833E2,E2,KAISER 24X600ML RETORN RV,10,7
138126,1304214,12319562,262,2020-03-04 00:00:00,RT415,854,854E1,E1,FOUR PACK CCPET 4X2.0L,50,30
138126,1304215,12319619,227,2020-03-04 00:00:00,RT415,854,854E3,E3,COCA COLA PET 12X1.51L,15,11
138127,1304217,12319634,1934,2020-03-04 00:00:00,RT416,845,845E3,E3,"CC MENOS ACUCAR PET 6X2,5",20,15
138128,1304218,12319602,292,2020-03-04 00:00:00,RT417,814,814D3,D3,COCA COLA REFPET9X2.0L,17,10
138128,1304220,12319564,262,2020-03-04 00:00:00,RT417,814,814E2,E2,FOUR PACK CCPET 4X2.0L,94,30
138133,1304259,12320092,227,2020-03-04 00:00:00,RT418,730,730D4,D4,COCA COLA PET 12X1.51L,18,11
138133,1304260,12320113,1935,2020-03-04 00:00:00,RT418,730,730E2,E2,CC MENOS ACUCAR PET 6X3L,22,15
138133,1304260,12320109,1934,2020-03-04 00:00:00,RT418,730,730E2,E2,"CC MENOS ACUCAR PET 6X2,5",33,15
138134,1304262,12320017,113,2020-03-04 00:00:00,RT419,793,793D3,D3,COCA COLA KS 24X290ML,14,9
138134,1304263,12320056,250,2020-03-04 00:00:00,RT419,793,793E1,E1,COCA COLA PET 9X2.0L,13,12
138135,1304266,12320018,113,2020-03-04 00:00:00,RT420,829,829E3,E3,COCA COLA KS 24X290ML,17,9
138137,1304271,12320096,227,2020-03-04 00:00:00,RT422,769,769E3,E3,COCA COLA PET 12X1.51L,16,11
138138,1304275,12320033,85,2020-03-04 00:00:00,RT423,728,728E3,E3,COCA COLA RGB 24X200ML,11,9
138138,1304275,12320021,113,2020-03-04 00:00:00,RT423,728,728E3,E3,COCA COLA KS 24X290ML,13,9
138144,1304309,12320620,144,2020-03-04 00:00:00,RT425,831,831D3,D3,COCA COLA LT 15X310ML,79,22
138144,1304309,12320930,143,2020-03-04 00:00:00,RT425,831,831D3,D3,COCA ZERO LT 12X310ML,96,28
138144,1304310,12320907,199,2020-03-04 00:00:00,RT425,831,831E1,E1,COM GÁS CRYSTAL PT 12X500ML RV,46,24
138144,1304310,12320913,200,2020-03-04 00:00:00,RT425,831,831E1,E1,CRYSTAL PT 12X500ML RV,97,24
138144,1304312,12320566,113,2020-03-04 00:00:00,RT425,831,831E4,E4,COCA COLA KS 24X290ML,15,9
138145,1304313,12320914,200,2020-03-04 00:00:00,RT426,846,846D3,D3,CRYSTAL PT 12X500ML RV,58,24
138145,1304316,12320567,113,2020-03-04 00:00:00,RT426,846,846E2,E2,COCA COLA KS 24X290ML,16,9
138145,1304317,12320931,143,2020-03-04 00:00:00,RT426,846,846E3,E3,COCA ZERO LT 12X310ML,30,28
138145,1304317,12320621,144,2020-03-04 00:00:00,RT426,846,846E3,E3,COCA COLA LT 15X310ML,44,22
138145,1304318,12320609,292,2020-03-04 00:00:00,RT426,846,846E4,E4,COCA COLA REFPET9X2.0L,13,10
138146,1304319,12320622,144,2020-03-04 00:00:00,RT427,689,689D3,D3,COCA COLA LT 15X310ML,47,22
138146,1304319,12320981,163,2020-03-04 00:00:00,RT427,689,689D3,D3,KAISER LATA 12X350ML RV,49,22
138146,1304321,12321025,290,2020-03-04 00:00:00,RT427,689,689E2,E2,AMSTEL 24X600ML RETOR RV,9,7
138146,1304321,12320611,292,2020-03-04 00:00:00,RT427,689,689E2,E2,COCA COLA REFPET9X2.0L,13,10
138147,1304322,12320642,1934,2020-03-04 00:00:00,RT428,836,836D3,D3,"CC MENOS ACUCAR PET 6X2,5",23,15
138147,1304323,12320612,292,2020-03-04 00:00:00,RT428,836,836D4,D4,COCA COLA REFPET9X2.0L,17,10
138147,1304325,12320916,200,2020-03-04 00:00:00,RT428,836,836E3,E3,CRYSTAL PT 12X500ML RV,40,24
138148,1304329,12320585,262,2020-03-04 00:00:00,RT429,737,737E1,E1,FOUR PACK CCPET 4X2.0L,44,30
138153,1304371,12321139,113,2020-03-04 00:00:00,RT430,825,825D3,D3,COCA COLA KS 24X290ML,11,9
138154,1304373,12321577,163,2020-03-04 00:00:00,RT431,838,838D3,D3,KAISER LATA 12X350ML RV,87,22
138154,1304375,12321188,250,2020-03-04 00:00:00,RT431,838,838E3,E3,COCA COLA PET 9X2.0L,20,12
138155,1304376,12321164,262,2020-03-04 00:00:00,RT432,847,847E2,E2,FOUR PACK CCPET 4X2.0L,92,30
138155,1304377,12321141,113,2020-03-04 00:00:00,RT432,847,847E3,E3,COCA COLA KS 24X290ML,10,9
138157,1304381,12321580,163,2020-03-04 00:00:00,RT434,738,738D1,D1,KAISER LATA 12X350ML RV,103,22
138157,1304383,12321232,227,2020-03-04 00:00:00,RT434,738,738E2,E2,COCA COLA PET 12X1.51L,24,11
138157,1304384,12321714,182,2020-03-04 00:00:00,RT434,738,738E4,E4,MONSTER ENERGY LT 6X473ML RV,50,40
138158,1304385,12321173,210,2020-03-04 00:00:00,RT435,750,750D3,D3,COCA COLA OW 15X600ML,32,15
138158,1304386,12321144,113,2020-03-04 00:00:00,RT435,750,750D4,D4,COCA COLA KS 24X290ML,40,9
138158,1304387,12321233,227,2020-03-04 00:00:00,RT435,750,750E1,E1,COCA COLA PET 12X1.51L,34,11
138158,1304388,12321212,292,2020-03-04 00:00:00,RT435,750,750E3,E3,COCA COLA REFPET9X2.0L,18,10
138167,1304436,12322490,182,2020-03-04 00:00:00,RT436,862,862D1,D1,MONSTER ENERGY LT 6X473ML RV,70,40
138167,1304436,12321820,144,2020-03-04 00:00:00,RT436,862,862D1,D1,COCA COLA LT 15X310ML,80,22
138167,1304438,12321767,210,2020-03-04 00:00:00,RT436,862,862E1,E1,COCA COLA OW 15X600ML,30,15
138167,1304439,12321783,250,2020-03-04 00:00:00,RT436,862,862E2,E2,COCA COLA PET 9X2.0L,17,12
138167,1304439,12321827,227,2020-03-04 00:00:00,RT436,862,862E2,E2,COCA COLA PET 12X1.51L,19,11
138167,1304440,12321755,85,2020-03-04 00:00:00,RT436,862,862E3,E3,COCA COLA RGB 24X200ML,13,9
138167,1304440,12321737,113,2020-03-04 00:00:00,RT436,862,862E3,E3,COCA COLA KS 24X290ML,33,9
138167,1304441,12322338,290,2020-03-04 00:00:00,RT436,862,862E4,E4,AMSTEL 24X600ML RETOR RV,8,7
138168,1304442,12321738,113,2020-03-04 00:00:00,RT437,783,783D1,D1,COCA COLA KS 24X290ML,42,9
138168,1304443,12322285,163,2020-03-04 00:00:00,RT437,783,783D4,D4,KAISER LATA 12X350ML RV,101,22
138168,1304443,12322491,182,2020-03-04 00:00:00,RT437,783,783D4,D4,MONSTER ENERGY LT 6X473ML RV,112,40
138168,1304445,12321796,292,2020-03-04 00:00:00,RT437,783,783E4,E4,COCA COLA REFPET9X2.0L,17,10
138169,1304447,12321822,144,2020-03-04 00:00:00,RT438,865,865E1,E1,COCA COLA LT 15X310ML,43,22
138169,1304450,12322307,289,2020-03-04 00:00:00,RT438,865,865E4,E4,HEINEKEN 24X600 ML RET RV,12,7
138170,1304453,12321803,292,2020-03-04 00:00:00,RT439,868,868E1,E1,COCA COLA REFPET9X2.0L,12,10
138171,1304454,12321806,292,2020-03-04 00:00:00,RT440,842,842D3,D3,COCA COLA REFPET9X2.0L,11,10
138171,1304455,12321761,85,2020-03-04 00:00:00,RT440,842,842D4,D4,COCA COLA RGB 24X200ML,12,9
138171,1304455,12321741,113,2020-03-04 00:00:00,RT440,842,842D4,D4,COCA COLA KS 24X290ML,25,9
138171,1304456,12321789,250,2020-03-04 00:00:00,RT440,842,842E1,E1,COCA COLA PET 9X2.0L,72,12
138172,1304458,12322289,163,2020-03-04 00:00:00,RT441,863,863D4,D4,KAISER LATA 12X350ML RV,44,22
138173,1304462,12322290,163,2020-03-04 00:00:00,RT442,817,817E3,E3,KAISER LATA 12X350ML RV,176,22
138176,1304507,12322574,292,2020-03-04 00:00:00,RT443,867,867E2,E2,COCA COLA REFPET9X2.0L,50,10
138176,1304508,12322523,113,2020-03-04 00:00:00,RT443,867,867E3,E3,COCA COLA KS 24X290ML,28,9
138176,1304509,12322544,85,2020-03-04 00:00:00,RT443,867,867E4,E4,COCA COLA RGB 24X200ML,56,9
138177,1304511,12322565,250,2020-03-04 00:00:00,RT444,855,855E2,E2,COCA COLA PET 9X2.0L,19,12
138177,1304512,12322525,113,2020-03-04 00:00:00,RT444,855,855E3,E3,COCA COLA KS 24X290ML,19,9
138179,1304519,12322582,292,2020-03-04 00:00:00,RT446,857,857E3,E3,COCA COLA REFPET9X2.0L,12,10
138179,1304520,12322621,1935,2020-03-04 00:00:00,RT446,857,857E4,E4,CC MENOS ACUCAR PET 6X3L,20,15
138180,1304521,12322597,144,2020-03-04 00:00:00,RT447,869,869D1,D1,COCA COLA LT 15X310ML,82,22
138180,1304522,12322879,199,2020-03-04 00:00:00,RT447,869,869E1,E1,COM GÁS CRYSTAL PT 12X500ML RV,46,24
138180,1304522,12322886,200,2020-03-04 00:00:00,RT447,869,869E1,E1,CRYSTAL PT 12X500ML RV,85,24
138180,1304523,12322653,252,2020-03-04 00:00:00,RT447,869,869E2,E2,FANTA LAR PET 9X2.0L,15,12
138180,1304524,12322974,289,2020-03-04 00:00:00,RT447,869,869E3,E3,HEINEKEN 24X600 ML RET RV,12,7
138180,1304524,12322529,113,2020-03-04 00:00:00,RT447,869,869E3,E3,COCA COLA KS 24X290ML,20,9
138181,1304526,12322586,292,2020-03-04 00:00:00,RT448,745,745D3,D3,COCA COLA REFPET9X2.0L,12,10
138181,1304526,12322887,200,2020-03-04 00:00:00,RT448,745,745D3,D3,CRYSTAL PT 12X500ML RV,27,24
138181,1304527,12322605,227,2020-03-04 00:00:00,RT448,745,745E1,E1,COCA COLA PET 12X1.51L,16,11
138181,1304527,12322570,250,2020-03-04 00:00:00,RT448,745,745E1,E1,COCA COLA PET 9X2.0L,17,12
138181,1304528,12322598,144,2020-03-04 00:00:00,RT448,745,745E3,E3,COCA COLA LT 15X310ML,68,22
138181,1304529,12322923,117,2020-03-04 00:00:00,RT448,745,745E4,E4,CCOLA ZERO KS 24X290ML,11,9
138181,1304529,12322532,113,2020-03-04 00:00:00,RT448,745,745E4,E4,COCA COLA KS 24X290ML,33,9
138182,1304531,12322924,117,2020-03-04 00:00:00,RT449,740,740E1,E1,CCOLA ZERO KS 24X290ML,10,9
138182,1304531,12322533,113,2020-03-04 00:00:00,RT449,740,740E1,E1,COCA COLA KS 24X290ML,20,9
138194,1304598,12323270,227,2020-03-04 00:00:00,RT451,816,816E3,E3,COCA COLA PET 12X1.51L,14,11
138195,1304600,12323208,250,2020-03-04 00:00:00,RT452,843,843E1,E1,COCA COLA PET 9X2.0L,23,12
138195,1304601,12323903,289,2020-03-04 00:00:00,RT452,843,843E2,E2,HEINEKEN 24X600 ML RET RV,12,7
138195,1304602,12323271,227,2020-03-04 00:00:00,RT452,843,843E3,E3,COCA COLA PET 12X1.51L,22,11
138196,1304603,12323750,199,2020-03-04 00:00:00,RT453,832,832D1,D1,COM GÁS CRYSTAL PT 12X500ML RV,34,24
138196,1304606,12323141,113,2020-03-04 00:00:00,RT453,832,832E1,E1,COCA COLA KS 24X290ML,51,9
138196,1304607,12323181,210,2020-03-04 00:00:00,RT453,832,832E3,E3,COCA COLA OW 15X600ML,30,15
138197,1304608,12323182,210,2020-03-04 00:00:00,RT454,841,841D1,D1,COCA COLA OW 15X600ML,19,15
138197,1304608,12323273,227,2020-03-04 00:00:00,RT454,841,841D1,D1,COCA COLA PET 12X1.51L,21,11
138197,1304609,12323879,163,2020-03-04 00:00:00,RT454,841,841D3,D3,KAISER LATA 12X350ML RV,198,22
138198,1304612,12323907,289,2020-03-04 00:00:00,RT455,807,807E1,E1,HEINEKEN 24X600 ML RET RV,9,7
138198,1304613,12323274,227,2020-03-04 00:00:00,RT455,807,807E2,E2,COCA COLA PET 12X1.51L,18,11
138198,1304614,12323348,268,2020-03-04 00:00:00,RT455,807,807E3,E3,FANTA LAR PET 6X3.0L,30,15
138199,1304615,12323184,210,2020-03-04 00:00:00,RT456,826,826D3,D3,COCA COLA OW 15X600ML,26,15
138199,1304616,12323945,290,2020-03-04 00:00:00,RT456,826,826D4,D4,AMSTEL 24X600ML RETOR RV,10,7
138199,1304616,12323908,289,2020-03-04 00:00:00,RT456,826,826D4,D4,HEINEKEN 24X600 ML RET RV,12,7
138199,1304617,12323275,227,2020-03-04 00:00:00,RT456,826,826E2,E2,COCA COLA PET 12X1.51L,14,11
138199,1304619,12323175,262,2020-03-04 00:00:00,RT456,826,826E4,E4,FOUR PACK CCPET 4X2.0L,132,30
138202,1304629,12323267,144,2020-03-04 00:00:00,RT459,794,794E1,E1,COCA COLA LT 15X310ML,51,22
138202,1304630,12323766,200,2020-03-04 00:00:00,RT459,794,794E2,E2,CRYSTAL PT 12X500ML RV,43,24
138202,1304632,12323147,113,2020-03-04 00:00:00,RT459,794,794E4,E4,COCA COLA KS 24X290ML,17,9
138203,1304633,12323148,113,2020-03-04 00:00:00,RT460,734,734D1,D1,COCA COLA KS 24X290ML,16,9
138203,1304634,12323188,210,2020-03-04 00:00:00,RT460,734,734D4,D4,COCA COLA OW 15X600ML,34,15
138214,1304638,12324176,113,2020-03-04 00:00:00,LOJ01,726,726D1,D1,COCA COLA KS 24X290ML,20,9
138214,1304640,12324196,111,2020-03-04 00:00:00,LOJ01,726,726E1,E1,HEINEKEN LT 6X250ML PIRIGUETE RV,189,63
138219,1304654,12324411,108,2020-03-04 00:00:00,D2300,675,675E7,E7,AMSTEL PIRIGUETE 12X269ML RV,40,29
138221,1304658,12324407,146,2020-03-04 00:00:00,D2302,670,670E1,E1,HEINEKEN LONG NECK 6X330ML RV,80,52
138222,1304660,12324220,250,2020-03-04 00:00:00,D2303,756,756E1,E1,COCA COLA PET 9X2.0L,20,12
138222,1304662,12324408,146,2020-03-04 00:00:00,D2303,756,756E3,E3,HEINEKEN LONG NECK 6X330ML RV,80,52
138223,1304663,12324415,165,2020-03-04 00:00:00,D2304,756,756D2,D2,AMSTEL LT 12X350ML RV,50,22
138225,1304669,12324225,250,2020-03-04 00:00:00,D2306,759,759D3,D3,COCA COLA PET 9X2.0L,20,12
138227,1304675,12324229,250,2020-03-04 00:00:00,D2309,675,675D3,D3,COCA COLA PET 9X2.0L,15,12
138227,1304675,12324372,242,2020-03-04 00:00:00,D2309,675,675D3,D3,"CRYSTAL MBJ SG PT 6X1,5 RV",40,25
138240,1304700,12324736,242,2020-03-04 00:00:00,MC400,764,764D1,D1,"CRYSTAL MBJ SG PT 6X1,5 RV",31,25
138240,1304701,12324784,99,2020-03-04 00:00:00,MC400,764,764D2,D2,COCA ZERO PET 6X250ML,68,60
138240,1304702,12324803,164,2020-03-04 00:00:00,MC400,764,764D3,D3,HEINEKEN LT 12X350ML RV,32,22
138241,1304708,12324497,85,2020-03-04 00:00:00,MC401,754,754E2,E2,COCA COLA RGB 24X200ML,29,9
138241,1304709,12324938,1901,2020-03-04 00:00:00,MC401,754,754E3,E3,MONS MANGO LOCO LT 6X473ML RV,60,40
138241,1304711,12324914,185,2020-03-04 00:00:00,MC401,754,754E6,E6,MONSTER JM KHAOS LT 6X473ML RV,60,40
138242,1304715,12324487,113,2020-03-04 00:00:00,MC402,686,686E5,E5,COCA COLA KS 24X290ML,50,9
138243,1304718,12324623,255,2020-03-04 00:00:00,MC403,813,813D1,D1,KUAT PET 9X2.0L,14,12
138243,1304722,12324806,164,2020-03-04 00:00:00,MC403,813,813E3,E3,HEINEKEN LT 12X350ML RV,55,22
138255,1304860,12325577,13,2020-03-04 00:00:00,MC406,755,755D7,D7,DEL VALLE NUTRI MARACUJA 18X200ML RV,29,28
138255,1304860,12325583,14,2020-03-04 00:00:00,MC406,755,755D7,D7,DEL VALLE NUTRI UVA 18X200ML RV,29,28
138255,1304860,12325591,16,2020-03-04 00:00:00,MC406,755,755D7,D7,DEL VALLE NUTRI PESSEGO 18X200ML RV,29,28
138255,1304860,12325306,82,2020-03-04 00:00:00,MC406,755,755D7,D7,KAPO MARACUJA 12X200ML RV,63,28
138255,1304861,12325609,233,2020-03-04 00:00:00,MC406,755,755E2,E2,"COM GÁS CRYSTAL PET 6X1,5L RV",95,25
138256,1304865,12324986,210,2020-03-04 00:00:00,MC407,871,871E1,E1,COCA COLA OW 15X600ML,22,15
138256,1304866,12325049,227,2020-03-04 00:00:00,MC407,871,871E2,E2,COCA COLA PET 12X1.51L,14,11
138257,1304868,12325610,233,2020-03-04 00:00:00,MC408,880,880E1,E1,"COM GÁS CRYSTAL PET 6X1,5L RV",110,25
138257,1304869,12325584,14,2020-03-04 00:00:00,MC408,880,880E3,E3,DEL VALLE NUTRI UVA 18X200ML RV,29,28
138257,1304869,12325592,16,2020-03-04 00:00:00,MC408,880,880E3,E3,DEL VALLE NUTRI PESSEGO 18X200ML RV,29,28
138257,1304869,12325578,13,2020-03-04 00:00:00,MC408,880,880E3,E3,DEL VALLE NUTRI MARACUJA 18X200ML RV,29,28
138257,1304870,12325257,1852,2020-03-04 00:00:00,MC408,880,880E4,E4,MAT LEAO NAT WF 12X300ML RV,31,28
138257,1304870,12325445,1844,2020-03-04 00:00:00,MC408,880,880E4,E4,ICE TEA LIM CF 12X300ML RV,31,30
138258,1304871,12325611,233,2020-03-04 00:00:00,MC409,809,809D2,D2,"COM GÁS CRYSTAL PET 6X1,5L RV",110,25
138258,1304872,12325254,1855,2020-03-04 00:00:00,MC409,809,809D3,D3,DV FRUT UVA 6X1000ML RV,23,22
138258,1304872,12325308,82,2020-03-04 00:00:00,MC409,809,809D3,D3,KAPO MARACUJA 12X200ML RV,63,28
138258,1304873,12325258,1852,2020-03-04 00:00:00,MC409,809,809D4,D4,MAT LEAO NAT WF 12X300ML RV,31,28
138258,1304873,12325446,1844,2020-03-04 00:00:00,MC409,809,809D4,D4,ICE TEA LIM CF 12X300ML RV,31,30
138258,1304874,12325579,13,2020-03-04 00:00:00,MC409,809,809E3,E3,DEL VALLE NUTRI MARACUJA 18X200ML RV,29,28
138258,1304874,12325585,14,2020-03-04 00:00:00,MC409,809,809E3,E3,DEL VALLE NUTRI UVA 18X200ML RV,29,28
138258,1304874,12325593,16,2020-03-04 00:00:00,MC409,809,809E3,E3,DEL VALLE NUTRI PESSEGO 18X200ML RV,29,28
138259,1304875,12325530,165,2020-03-04 00:00:00,MC410,761,761D3,D3,AMSTEL LT 12X350ML RV,50,22
138259,1304875,12325498,164,2020-03-04 00:00:00,MC410,761,761D3,D3,HEINEKEN LT 12X350ML RV,120,22
138259,1304876,12325050,227,2020-03-04 00:00:00,MC410,761,761D4,D4,COCA COLA PET 12X1.51L,19,11
138259,1304881,12325408,209,2020-03-04 00:00:00,MC410,761,761E3,E3,CC ZERO OW 12X600ML,30,20
138259,1304882,12324987,210,2020-03-04 00:00:00,MC410,761,761E4,E4,COCA COLA OW 15X600ML,41,15
138259,1304883,12325032,103,2020-03-04 00:00:00,MC410,761,761E5,E5,COCA COLA PET 18X250ML,22,21
138259,1304884,12325377,1822,2020-03-04 00:00:00,MC410,761,761E6,E6,COCA ZERO MINI LT 6X220ML,65,56
138260,1304886,12325499,164,2020-03-04 00:00:00,MC411,881,881D2,D2,HEINEKEN LT 12X350ML RV,100,22
138260,1304890,12325395,283,2020-03-04 00:00:00,MC411,881,881E1,E1,SIX COCA ZERO LT 6X310ML,60,56
138260,1304890,12324974,1818,2020-03-04 00:00:00,MC411,881,881E1,E1,COCA COLA MINI LT 6X220ML,70,56
138260,1304890,12325378,1822,2020-03-04 00:00:00,MC411,881,881E1,E1,COCA ZERO MINI LT 6X220ML,100,56
138261,1304895,12325177,96,2020-03-04 00:00:00,MC412,882,882D3,D3,FANTA UVA PET 6X250ML,80,60
138262,1304897,12325411,209,2020-03-04 00:00:00,MC413,872,872D3,D3,CC ZERO OW 12X600ML,35,20
138262,1304898,12324990,210,2020-03-04 00:00:00,MC413,872,872D4,D4,COCA COLA OW 15X600ML,30,15
138263,1304903,12325053,227,2020-03-04 00:00:00,MC414,762,762D4,D4,COCA COLA PET 12X1.51L,50,11
138263,1304904,12325364,200,2020-03-04 00:00:00,MC414,762,762D5,D5,CRYSTAL PT 12X500ML RV,90,24
138263,1304905,12325381,1822,2020-03-04 00:00:00,MC414,762,762D6,D6,COCA ZERO MINI LT 6X220ML,67,56
138263,1304905,12325060,1826,2020-03-04 00:00:00,MC414,762,762D6,D6,CAFE COCA COLA LT 6X220ML,70,56
138263,1304906,12324991,210,2020-03-04 00:00:00,MC414,762,762E4,E4,COCA COLA OW 15X600ML,20,15
138263,1304906,12325001,217,2020-03-04 00:00:00,MC414,762,762E4,E4,COCA COLA PET 12X1.0L,35,15
138263,1304908,12325615,233,2020-03-04 00:00:00,MC414,762,762E6,E6,"COM GÁS CRYSTAL PET 6X1,5L RV",48,25
138263,1304909,12325357,199,2020-03-04 00:00:00,MC414,762,762E7,E7,COM GÁS CRYSTAL PT 12X500ML RV,48,24
138265,1304910,12325329,205,2020-03-04 00:00:00,MC416,757,757D3,D3,AQUA FRESH LIM 6X510ML,135,45
138265,1304911,12325179,96,2020-03-04 00:00:00,MC416,757,757D4,D4,FANTA UVA PET 6X250ML,80,60
138265,1304912,12325208,97,2020-03-04 00:00:00,MC416,757,757E3,E3,GUARANA JESUS PET 6X250ML,200,60
138266,1304913,12325086,1934,2020-03-04 00:00:00,MC417,808,808D3,D3,"CC MENOS ACUCAR PET 6X2,5",30,15
138266,1304914,12325244,1871,2020-03-04 00:00:00,MC417,808,808D4,D4,SPRITE ORIG MINI LT 6X220ML,420,56
138266,1304915,12325122,94,2020-03-04 00:00:00,MC417,808,808D5,D5,FANTA LAR PET 6X250ML,100,60
138267,1304916,12325331,205,2020-03-04 00:00:00,MC418,677,677D2,D2,AQUA FRESH LIM 6X510ML,135,45
138267,1304917,12325105,202,2020-03-04 00:00:00,MC418,677,677D3,D3,FANTA LARANJA OW6X500ML,60,45
138267,1304918,12325622,1007,2020-03-04 00:00:00,MC418,677,677E3,E3,AQ FRESH LIM LT 6X310ML,110,56
138268,1304919,12325039,103,2020-03-04 00:00:00,MC419,884,884D6,D6,COCA COLA PET 18X250ML,100,21
138268,1304921,12324980,1818,2020-03-04 00:00:00,MC419,884,884E8,E8,COCA COLA MINI LT 6X220ML,200,56
138269,1304922,12325434,259,2020-03-04 00:00:00,MC420,885,885D7,D7,CC ZERO PET 9X2.0L,20,12
138269,1304923,12325184,140,2020-03-04 00:00:00,MC420,885,885D8,D8,FANTA UVA LT 12X310ML,30,28
138269,1304923,12325065,1826,2020-03-04 00:00:00,MC420,885,885D8,D8,CAFE COCA COLA LT 6X220ML,80,56
138269,1304923,12325099,1819,2020-03-04 00:00:00,MC420,885,885D8,D8,FANTA LARANJA MINI LT 6X220ML,100,56
138269,1304924,12325616,233,2020-03-04 00:00:00,MC420,885,885E4,E4,"COM GÁS CRYSTAL PET 6X1,5L RV",100,25
138269,1304925,12325040,103,2020-03-04 00:00:00,MC420,885,885E5,E5,COCA COLA PET 18X250ML,100,21
138269,1304925,12325466,99,2020-03-04 00:00:00,MC420,885,885E5,E5,COCA ZERO PET 6X250ML,100,60
138269,1304926,12325301,80,2020-03-04 00:00:00,MC420,885,885E7,E7,KAPO ABACAXI 12X200ML RV,30,28
138269,1304926,12325309,82,2020-03-04 00:00:00,MC420,885,885E7,E7,KAPO MARACUJA 12X200ML RV,40,28
138269,1304926,12325314,84,2020-03-04 00:00:00,MC420,885,885E7,E7,KAPO UVA 12X200ML RV,70,28
138269,1304926,12325311,83,2020-03-04 00:00:00,MC420,885,885E7,E7,KAPO MORANGO 12X200ML RV,80,28
138270,1304928,12325390,143,2020-03-04 00:00:00,MC421,886,886D7,D7,COCA ZERO LT 12X310ML,30,28
138270,1304928,12325535,165,2020-03-04 00:00:00,MC421,886,886D7,D7,AMSTEL LT 12X350ML RV,50,22
138270,1304929,12325310,82,2020-03-04 00:00:00,MC421,886,886D8,D8,KAPO MARACUJA 12X200ML RV,50,28
138270,1304929,12325312,83,2020-03-04 00:00:00,MC421,886,886D8,D8,KAPO MORANGO 12X200ML RV,70,28
138270,1304929,12325315,84,2020-03-04 00:00:00,MC421,886,886D8,D8,KAPO UVA 12X200ML RV,70,28
138270,1304930,12325358,199,2020-03-04 00:00:00,MC421,886,886E5,E5,COM GÁS CRYSTAL PT 12X500ML RV,130,24
138270,1304931,12325041,103,2020-03-04 00:00:00,MC421,886,886E6,E6,COCA COLA PET 18X250ML,50,21
138270,1304931,12325617,233,2020-03-04 00:00:00,MC421,886,886E6,E6,"COM GÁS CRYSTAL PET 6X1,5L RV",50,25
138270,1304932,12325435,259,2020-03-04 00:00:00,MC421,886,886E7,E7,CC ZERO PET 9X2.0L,20,12
138270,1304932,12325467,99,2020-03-04 00:00:00,MC421,886,886E7,E7,COCA ZERO PET 6X250ML,100,60
138270,1304933,12325528,108,2020-03-04 00:00:00,MC421,886,886E8,E8,AMSTEL PIRIGUETE 12X269ML RV,30,29
138270,1304933,12324981,1818,2020-03-04 00:00:00,MC421,886,886E8,E8,COCA COLA MINI LT 6X220ML,200,56
138272,1304934,12325055,227,2020-03-04 00:00:00,MC423,883,883D4,D4,COCA COLA PET 12X1.51L,20,11
138272,1304934,12325618,233,2020-03-04 00:00:00,MC423,883,883D4,D4,"COM GÁS CRYSTAL PET 6X1,5L RV",40,25
138272,1304936,12325391,143,2020-03-04 00:00:00,MC423,883,883D6,D6,COCA ZERO LT 12X310ML,50,28
138272,1304938,12324982,1818,2020-03-04 00:00:00,MC423,883,883D8,D8,COCA COLA MINI LT 6X220ML,300,56
138272,1304939,12325316,84,2020-03-04 00:00:00,MC423,883,883E6,E6,KAPO UVA 12X200ML RV,50,28
138272,1304939,12325313,83,2020-03-04 00:00:00,MC423,883,883E6,E6,KAPO MORANGO 12X200ML RV,60,28
138272,1304940,12325042,103,2020-03-04 00:00:00,MC423,883,883E7,E7,COCA COLA PET 18X250ML,50,21
138272,1304940,12325468,99,2020-03-04 00:00:00,MC423,883,883E7,E7,COCA ZERO PET 6X250ML,100,60
138272,1304941,12325529,108,2020-03-04 00:00:00,MC423,883,883E8,E8,AMSTEL PIRIGUETE 12X269ML RV,30,29
138291,1304965,12325855,259,2020-03-04 00:00:00,NT400,801,801D1,D1,CC ZERO PET 9X2.0L,18,12
138291,1304967,12325742,227,2020-03-04 00:00:00,NT400,801,801E2,E2,COCA COLA PET 12X1.51L,29,11
138292,1304968,12325743,227,2020-03-04 00:00:00,NT401,NT401,D2,D2,COCA COLA PET 12X1.51L,14,11
138293,1304972,12325732,250,2020-03-04 00:00:00,NT402,858,858D1,D1,COCA COLA PET 9X2.0L,23,12
138293,1304973,12325724,210,2020-03-04 00:00:00,NT402,858,858D3,D3,COCA COLA OW 15X600ML,18,15
138293,1304974,12325744,227,2020-03-04 00:00:00,NT402,858,858E1,E1,COCA COLA PET 12X1.51L,51,11
138293,1304975,12325862,238,2020-03-04 00:00:00,NT402,858,858E2,E2,COCA ZERO PET 6X1.51L,37,22
138293,1304976,12325841,200,2020-03-04 00:00:00,NT402,858,858E3,E3,CRYSTAL PT 12X500ML RV,40,24
138294,1304979,12325745,227,2020-03-04 00:00:00,NT403,844,844E1,E1,COCA COLA PET 12X1.51L,50,11
138294,1304980,12325770,229,2020-03-04 00:00:00,NT403,844,844E2,E2,"GUARANA FANTA PET 12X1,51L",14,11
138297,1304991,12326592,165,2020-03-04 00:00:00,RC400,RC400,D1,D1,AMSTEL LT 12X350ML RV,30,22
138297,1304991,12326550,163,2020-03-04 00:00:00,RC400,RC400,D1,D1,KAISER LATA 12X350ML RV,30,22
138297,1304991,12326582,108,2020-03-04 00:00:00,RC400,RC400,D1,D1,AMSTEL PIRIGUETE 12X269ML RV,30,29
138297,1304991,12326603,166,2020-03-04 00:00:00,RC400,RC400,D1,D1,BAVARIA LATA 12X350ML RV,40,22
138298,1304993,12326567,164,2020-03-04 00:00:00,RC402,RC402,D1,D1,HEINEKEN LT 12X350ML RV,25,22
138298,1304993,12326604,166,2020-03-04 00:00:00,RC402,RC402,D1,D1,BAVARIA LATA 12X350ML RV,25,22
138298,1304995,12326452,199,2020-03-04 00:00:00,RC402,RC402,E1,E1,COM GÁS CRYSTAL PT 12X500ML RV,50,24
138298,1304995,12326461,200,2020-03-04 00:00:00,RC402,RC402,E1,E1,CRYSTAL PT 12X500ML RV,50,24
138299,1304997,12326746,1901,2020-03-04 00:00:00,RC403,RC403,E3,E3,MONS MANGO LOCO LT 6X473ML RV,50,40
138299,1304997,12326750,1904,2020-03-04 00:00:00,RC403,RC403,E3,E3,MONS ULT VIOLET LT 6X473ML RV,50,40
138300,1304998,12326584,108,2020-03-04 00:00:00,RC405,RC405,D1,D1,AMSTEL PIRIGUETE 12X269ML RV,30,29
138300,1305000,12326594,165,2020-03-04 00:00:00,RC405,RC405,E2,E2,AMSTEL LT 12X350ML RV,30,22
138300,1305000,12326605,166,2020-03-04 00:00:00,RC405,RC405,E2,E2,BAVARIA LATA 12X350ML RV,30,22
138300,1305000,12326551,163,2020-03-04 00:00:00,RC405,RC405,E2,E2,KAISER LATA 12X350ML RV,65,22
138301,1305001,12326031,1819,2020-03-04 00:00:00,RC406,RC406,D1,D1,FANTA LARANJA MINI LT 6X220ML,100,56
138302,1305002,12326576,146,2020-03-04 00:00:00,RC408,RC408,D1,D1,HEINEKEN LONG NECK 6X330ML RV,168,52
138302,1305004,12326058,252,2020-03-04 00:00:00,RC408,RC408,E1,E1,FANTA LAR PET 9X2.0L,20,12
138307,1305017,12326194,255,2020-03-04 00:00:00,RC414,RC414,E1,E1,KUAT PET 9X2.0L,20,12
138308,1305019,12326011,1934,2020-03-04 00:00:00,RC419,RC419,E1,E1,"CC MENOS ACUCAR PET 6X2,5",50,15
138308,1305020,12326589,108,2020-03-04 00:00:00,RC419,RC419,E2,E2,AMSTEL PIRIGUETE 12X269ML RV,50,29
138309,1305022,12326590,108,2020-03-04 00:00:00,RC420,RC420,E1,E1,AMSTEL PIRIGUETE 12X269ML RV,50,29
138310,1305023,12325971,292,2020-03-04 00:00:00,RC422,RC,D1,D1,COCA COLA REFPET9X2.0L,15,10
138310,1305024,12326556,163,2020-03-04 00:00:00,RC422,RC,D2,D2,KAISER LATA 12X350ML RV,30,22
138313,1305032,12326558,163,2020-03-04 00:00:00,RC428,RC428,E1,E1,KAISER LATA 12X350ML RV,100,22
138313,1305033,12325945,262,2020-03-04 00:00:00,RC428,RC428,E2,E2,FOUR PACK CCPET 4X2.0L,75,30
138319,1305160,12326765,217,2020-03-04 00:00:00,CAT26,1006,1006D2,D2,COCA COLA PET 12X1.0L,90,15
138319,1305161,12326909,1901,2020-03-04 00:00:00,CAT26,1006,1006D9,D9,MONS MANGO LOCO LT 6X473ML RV,84,40
138319,1305161,12326848,203,2020-03-04 00:00:00,CAT26,1006,1006D9,D9,FANTA UVA OW6X500ML,90,45
138319,1305161,12326855,301,2020-03-04 00:00:00,CAT26,1006,1006D9,D9,SCHWEP TON LT 6X310ML,112,56
138319,1305161,12326851,132,2020-03-04 00:00:00,CAT26,1006,1006D9,D9,SIX FANTA UVA LT 6X310ML,112,56
138319,1305162,12326902,14,2020-03-04 00:00:00,CAT26,1006,1006E14,E14,DEL VALLE NUTRI UVA 18X200ML RV,261,28
138319,1305163,12326766,217,2020-03-04 00:00:00,CAT26,1006,1006E2,E2,COCA COLA PET 12X1.0L,90,15
138320,1305164,12326847,139,2020-03-04 00:00:00,FOR25,1015,1015D13,D13,GUARANA FANTA LATA 12X310ML,112,28
138320,1305165,12326900,20,2020-03-04 00:00:00,FOR25,1015,1015D14,D14,DEL VAL PESS LT 6X290ML RV,236,59
138320,1305166,12326903,16,2020-03-04 00:00:00,FOR25,1015,1015E12,E12,DEL VALLE NUTRI PESSEGO 18X200ML RV,261,28
138320,1305167,12326854,1932,2020-03-04 00:00:00,FOR25,1015,1015E13,E13,SPRITE ORIG PET 6X600ML RV,120,40
138321,1305169,12326823,1934,2020-03-04 00:00:00,FOR26,1015,1015D1,D1,"CC MENOS ACUCAR PET 6X2,5",75,15
138321,1305170,12326824,1934,2020-03-04 00:00:00,FOR26,1015,1015E1,E1,"CC MENOS ACUCAR PET 6X2,5",75,15
138322,1305171,12326822,1826,2020-03-04 00:00:00,UNA25,9023,9023D13,D13,CAFE COCA COLA LT 6X220ML,112,56
138322,1305171,12326832,129,2020-03-04 00:00:00,UNA25,9023,9023D13,D13,SIX FANTA LAR LT 6X310ML,112,56
138322,1305171,12326867,1822,2020-03-04 00:00:00,UNA25,9023,9023D13,D13,COCA ZERO MINI LT 6X220ML,224,56
138322,1305172,12326905,274,2020-03-04 00:00:00,UNA25,9023,9023D14,D14,GAS CARBONICO 6KG,14,12
138322,1305172,12326872,209,2020-03-04 00:00:00,UNA25,9023,9023D14,D14,CC ZERO OW 12X600ML,40,20
